Line,New_Trans_Capacity,Cost_Trans_Capacity
1,2256.1022016806587,2.7208592552268744e7
2,2000.0,3.8522e7
