Status,Solve,Objval
OPTIMAL,122.63605380058289,9621.842960415222
