Fuel,AnnualSum
CT_NG,3.974200102462108e7
ME_NG,1.1657281397645648e6
MA_NG,7.9344502084506e7
None,0.0
