Line,New_Trans_Capacity,Cost_Trans_Capacity
1,1692.1823969447883,2.0407719707154147e7
2,2000.0,3.8522e7
