Status,Solve,Objval
OPTIMAL,44.95233106613159,2.2131688018246455e9
