Fuel,AnnualSum
CT_NG,2.506596306068597e7
ME_NG,1.1571805503203923e7
MA_NG,7.915567282321896e7
None,0.0
