Status,Solve,Objval
OPTIMAL,48.745285987854004,22770.819460048544
