Fuel,AnnualSum
CT_NG,4.364172066669171e7
ME_NG,0.0
MA_NG,6.890149514262779e7
None,0.0
