Status,Solve,Objval
OPTIMAL,883.8771071434021,2.184656208028502e9
