Fuel,AnnualSum
CT_NG,2.5065963060685582e7
ME_NG,1.1571805503204145e7
MA_NG,7.915567282322086e7
None,0.0
