Line,New_Trans_Capacity,Cost_Trans_Capacity
1,2859.2666497259042,3.44827557956944e7
2,2000.0,3.8522e7
