Status,Solve,Objval
OPTIMAL,3029.9815430641174,6638.2034217468945
