Fuel,AnnualSum
CT_NG,4.1004105296302035e7
ME_NG,2.9947106517861257e6
MA_NG,6.997672595753577e7
None,0.0
