Line,New_Trans_Capacity,Cost_Trans_Capacity
1,1987.846125208396,2.3973424270013254e7
2,2000.0,3.8522e7
