Line,New_Trans_Capacity,Cost_Trans_Capacity
1,1593.8760886797963,1.9222145629478343e7
2,2000.0,3.8522e7
