Status,Solve,Objval
OPTIMAL,963.9830319881439,2.1829505908754764e9
