Fuel,AnnualSum
CT_NG,3.974689353054917e7
ME_NG,1.0793156435258181e6
MA_NG,7.941777941534962e7
None,0.0
