Status,Solve,Objval
OPTIMAL,43.328518867492676,2.213070410100876e9
