Status,Solve,Objval
OPTIMAL,107.09674882888794,22770.66338463228
