Fuel,AnnualSum
CT_NG,2.5065963060686454e7
ME_NG,1.1571805503204042e7
MA_NG,7.9155672823219e7
None,0.0
