Line,New_Trans_Capacity,Cost_Trans_Capacity
1,1809.122950664406,2.1818022785012737e7
2,2000.0,3.8522e7
