Status,Solve,Objval
OPTIMAL,109.3983039855957,7932.057365479507
