Fuel,AnnualSum
CT_NG,2.5065963060686257e7
ME_NG,1.1571805503204806e7
MA_NG,7.915567282321842e7
None,0.0
