Status,Solve,Objval
OPTIMAL,3233.64484500885,7792.836718271578
