Fuel,AnnualSum
CT_NG,3.861258223239265e7
ME_NG,3.6499128159743366e6
MA_NG,8.251364992202707e7
None,0.0
