Status,Solve,Objval
OPTIMAL,41.596433877944946,4.309196794353468e9
