Fuel,AnnualSum
CT_NG,3.846963373145352e7
ME_NG,2.863107478385331e6
MA_NG,7.95325104984958e7
None,0.0
