Line,New_Trans_Capacity,Cost_Trans_Capacity
1,1692.182396944787,2.040771970715413e7
2,2000.0,3.8522e7
