Status,Solve,Objval
OPTIMAL,29.643245935440063,6.2008902222548225e10
