Fuel,AnnualSum
CT_NG,2.5578356453430966e7
ME_NG,1.2051679467109721e7
MA_NG,7.895702316367036e7
None,0.0
