Fuel,AnnualSum
CT_NG,2.5080014974990804e7
ME_NG,1.1564066518497318e7
MA_NG,7.908849355566047e7
None,0.0
