Status,Solve,Objval
OPTIMAL,109.49145984649658,11024.859175667743
