Status,Solve,Objval
OPTIMAL,46.619966983795166,19900.358184359036
