Fuel,AnnualSum
CT_NG,2.5065963060686354e7
ME_NG,1.1571805503203854e7
MA_NG,7.915567282321937e7
None,0.0
