Line,New_Trans_Capacity,Cost_Trans_Capacity
1,1924.2875637528737,2.320690801885966e7
2,2000.0,3.8522e7
