Status,Solve,Objval
OPTIMAL,102.84140801429749,8215.78178698337
