Fuel,AnnualSum
CT_NG,3.896273058788791e7
ME_NG,3.6672814037202373e6
MA_NG,8.21328767741086e7
None,0.0
