Line,New_Trans_Capacity,Cost_Trans_Capacity
1,1692.1823969447812,2.040771970715406e7
2,2000.0,3.8522e7
