Status,Solve,Objval
OPTIMAL,44.162397146224976,4.343771840066345e9
